acc_x[mg],acc_y[mg],acc_z[mg],gyro_x[dps],gyro_y[dps],gyro_z[dps]
782,123,600,-0.14,0.07,-0.21
780,120,598,-0.28,0.28,-0.14
779,118,599,-0.35,0.49,-0.21
779,119,599,-0.28,0.63,-0.28
779,116,602,-0.21,0.7,-0.28
780,110,604,-0.14,0.77,-0.28
779,109,605,0.28,0.77,-0.49
782,112,607,0.98,0.77,-0.56
782,111,611,1.54,0.84,-0.49
783,122,615,1.96,0.77,-0.63
786,142,617,2.73,0.49,-0.63
786,145,618,2.94,0.0,0.0
785,140,613,2.38,-0.28,0.35
783,137,610,2.24,-0.42,0.28
782,136,607,2.52,-0.56,0.21
780,139,600,2.66,-0.63,0.28
778,138,598,2.38,-0.49,0.35
776,137,595,1.61,-0.49,0.21
779,142,594,0.91,-0.49,0.0
783,145,595,0.07,-0.49,-0.07
786,142,595,-0.84,-0.49,-0.07
786,138,595,-1.54,-0.28,-0.14
787,139,598,-1.68,-0.21,-0.14
786,140,599,-1.68,-0.07,0.14
785,139,599,-1.61,0.07,0.49
784,139,601,-1.82,0.21,0.84
783,136,604,-2.03,0.14,1.05
782,134,604,-2.03,0.14,1.19
782,133,602,-1.96,0.21,1.47
782,130,600,-1.89,0.28,1.68
784,128,596,-2.1,0.49,1.75
782,130,591,-2.59,0.84,1.82
782,131,590,-3.08,1.12,1.89
783,123,592,-3.85,1.54,1.89
783,116,589,-4.41,1.96,1.75
784,115,593,-4.41,2.24,1.61
784,114,595,-3.99,2.52,1.61
784,114,599,-3.57,2.8,1.61
782,115,604,-3.08,2.94,1.61
779,113,612,-2.66,3.01,1.68
777,115,615,-2.38,3.22,1.26
777,114,616,-2.03,3.29,1.19
773,111,620,-1.75,3.15,0.98
773,112,622,-1.54,3.01,0.7
776,112,620,-1.26,2.8,0.7
779,118,618,-1.12,2.52,0.7
779,121,620,-1.26,2.17,0.7
778,124,621,-1.61,1.82,0.84
776,123,623,-1.96,1.47,0.98
774,120,626,-2.24,1.19,1.12
772,119,624,-2.24,0.91,1.12
770,118,626,-2.17,0.63,1.26
766,115,624,-2.24,0.28,1.33
768,115,624,-2.17,0.07,1.26
767,114,624,-2.1,0.0,1.12
771,108,626,-2.1,-0.07,1.12
773,105,620,-2.17,-0.21,0.91
774,106,622,-2.1,-0.35,0.7
775,101,622,-2.03,-0.49,0.49
774,98,620,-2.03,-0.49,0.28
776,98,618,-1.68,-0.63,0.07
777,96,618,-1.33,-0.63,-0.14
777,95,620,-1.05,-0.7,-0.35
777,100,618,-0.35,-0.63,-0.42
775,102,618,0.21,-0.7,-0.21
776,102,616,0.49,-0.7,-0.14
776,104,615,0.77,-0.7,-0.14
776,109,612,1.12,-0.63,-0.21
778,112,613,0.98,-0.63,-0.14
779,107,615,0.49,-0.56,-0.21
778,105,612,0.07,-0.49,-0.35
779,106,608,0.0,-0.42,-0.7
776,106,608,0.07,-0.28,-0.91
777,107,607,-0.07,-0.07,-0.98
775,111,606,-0.07,0.07,-1.12
776,115,605,0.07,0.28,-1.12
775,118,611,0.0,0.28,-1.12
774,119,611,0.0,0.28,-1.12
776,123,612,0.14,0.21,-1.19
777,124,616,0.14,0.14,-1.12
777,121,617,0.0,0.28,-1.12
776,116,615,-0.07,0.42,-1.19
771,118,614,-0.07,0.49,-1.4
771,116,617,-0.14,0.49,-1.54
770,114,613,-0.49,0.63,-1.47
770,112,617,-0.56,0.56,-1.47
772,108,620,-0.21,0.49,-1.4
774,121,617,0.21,0.49,-1.4
774,124,622,0.63,0.28,-1.12
774,123,622,0.42,0.28,-0.84
772,123,620,0.14,0.28,-0.7
769,124,621,0.14,0.21,-0.63
766,123,621,-0.21,0.14,-0.35
768,122,621,-0.42,0.0,-0.07
770,122,619,-0.77,0.0,0.07
774,123,617,-1.26,-0.14,0.21
775,119,620,-1.89,-0.21,0.28
774,113,625,-2.38,-0.35,0.07
774,115,627,-2.31,-0.42,-0.28
774,115,625,-2.24,-0.56,-0.42
772,116,624,-2.38,-0.7,-0.49
774,115,624,-2.38,-0.77,-0.63
775,112,618,-2.45,-0.7,-0.63
775,111,618,-2.31,-0.7,-0.77
775,106,617,-1.89,-0.63,-0.77
772,106,616,-1.33,-0.49,-0.7
772,107,619,-0.77,-0.49,-0.7
770,113,623,-0.07,-0.56,-0.63
772,121,625,0.35,-0.63,-0.42
771,125,626,0.42,-0.7,-0.35
773,120,626,0.07,-0.7,-0.14
772,114,622,-0.28,-0.63,-0.21
773,117,619,-0.21,-0.63,-0.35
773,118,618,0.0,-0.77,-0.21
774,117,616,-0.14,-0.77,-0.14
772,112,616,-0.56,-0.77,-0.21
772,113,617,-0.84,-0.91,-0.42
771,112,616,-0.77,-0.98,-0.7
770,110,617,-0.98,-0.91,-0.84
770,111,614,-1.26,-0.91,-0.98
772,114,615,-1.33,-0.91,-1.19
773,117,614,-1.89,-0.7,-1.33
772,116,616,-2.38,-0.63,-1.19
770,115,621,-2.59,-0.49,-1.33
769,117,624,-2.38,-0.35,-1.26
767,118,627,-1.75,-0.35,-1.12
766,119,630,-0.7,-0.35,-0.7
769,120,628,0.28,-0.35,-0.35
770,125,623,0.91,-0.49,0.0
771,124,625,0.84,-0.63,0.28
774,121,623,0.42,-0.63,0.42
776,115,622,0.0,-0.7,0.42
778,110,618,-0.07,-0.7,0.35
779,110,614,0.0,-0.84,0.35
778,112,612,-0.07,-0.84,0.21
775,116,612,-0.63,-0.84,0.21
774,116,614,-1.26,-0.91,0.14
772,113,615,-1.61,-0.91,0.14
773,111,617,-1.68,-0.91,0.0
771,113,619,-1.47,-0.98,-0.07
772,116,618,-1.12,-0.98,-0.07
772,115,617,-0.98,-0.91,0.07
773,113,616,-0.91,-0.84,0.07
773,113,615,-0.84,-0.91,0.07
774,115,614,-0.98,-0.91,-0.21
774,114,615,-1.26,-0.98,-0.42
771,112,615,-1.54,-0.91,-0.56
769,111,617,-1.68,-0.84,-0.7
768,110,616,-1.75,-0.77,-0.77
768,109,618,-1.89,-0.77,-0.84
769,106,617,-2.1,-0.7,-1.05
771,114,616,-2.24,-0.77,-1.12
773,109,623,-2.38,-0.7,-1.05
773,103,625,-2.59,-0.56,-1.05
772,109,625,-1.82,-0.49,-1.12
771,116,631,-0.84,-0.42,-0.91
769,119,631,-0.07,-0.28,-0.49
769,120,633,0.56,-0.35,-0.21
770,116,628,0.91,-0.35,0.0
772,122,621,1.05,-0.49,0.07
773,120,621,0.91,-0.63,0.28
775,113,615,0.35,-0.7,0.49
778,110,609,-0.07,-0.77,0.35
782,109,608,-0.21,-0.91,0.21
780,110,608,-0.42,-0.98,0.14
777,112,608,-0.77,-0.98,0.07
777,111,608,-1.05,-0.84,-0.14
776,108,606,-1.19,-0.7,-0.35
776,109,611,-1.05,-0.42,-0.42
774,105,616,-0.77,-0.35,-0.49
772,109,615,-0.63,-0.14,-0.63
771,116,617,-0.42,-0.07,-0.56
772,113,622,-0.49,-0.07,-0.42
773,112,620,-0.7,0.0,-0.42
772,115,618,-0.49,0.14,-0.35
770,118,617,-0.35,0.28,-0.28
771,120,618,-0.35,0.28,-0.07
770,119,620,-0.49,0.21,0.07
772,119,623,-0.7,0.21,0.14
771,114,621,-0.98,0.28,0.07
771,110,616,-1.05,0.42,0.07
771,109,617,-0.98,0.35,0.0
774,109,615,-0.84,0.35,-0.07
774,115,612,-0.77,0.42,-0.07
774,116,614,-1.19,0.42,-0.07
771,115,616,-2.03,0.49,0.0
769,120,618,-2.94,0.49,0.0
772,117,621,-3.64,0.35,0.0
770,110,625,-3.99,0.35,-0.07
767,107,635,-3.5,0.35,-0.28
766,111,640,-1.89,0.14,-0.28
768,114,638,-0.56,-0.21,0.14
768,113,638,0.14,-0.56,0.42
768,110,633,0.42,-0.7,0.35
768,114,629,0.42,-0.84,0.21
768,118,626,0.14,-0.91,0.21
765,116,621,-0.63,-0.91,0.28
767,111,619,-1.33,-0.84,0.35
767,108,618,-1.68,-0.7,0.28
769,110,619,-1.61,-0.63,0.35
768,107,622,-1.4,-0.56,0.49
767,104,625,-1.12,-0.49,0.49
768,106,621,-0.63,-0.42,0.63
771,109,620,-0.07,-0.35,0.7
771,110,624,0.07,-0.28,0.91
771,107,626,-0.21,-0.28,0.84
769,110,623,-0.49,-0.28,0.7
769,110,627,-0.77,-0.35,0.56
770,103,628,-1.12,-0.42,0.49
771,104,625,-1.33,-0.42,0.35
770,107,626,-1.33,-0.49,0.21
770,108,625,-1.4,-0.63,0.14
770,109,625,-1.4,-0.77,0.21
771,109,626,-1.4,-0.77,0.35
771,108,624,-1.47,-0.91,0.42
770,104,623,-1.54,-0.84,0.49
768,102,624,-1.47,-0.84,0.49
768,101,626,-1.4,-0.91,0.49
770,101,625,-1.47,-1.05,0.49
773,101,623,-1.4,-1.12,0.49
777,99,621,-1.47,-1.12,0.49
779,98,620,-1.33,-1.12,0.42
777,98,617,-1.19,-1.05,0.28
774,99,615,-1.05,-0.91,0.21
771,100,612,-0.98,-0.84,0.28
771,98,612,-1.26,-0.91,0.28
771,97,614,-1.68,-0.77,0.14
770,94,613,-2.03,-0.56,0.0
772,97,615,-1.75,-0.42,-0.28
772,99,619,-1.61,-0.28,-0.28
770,98,625,-1.4,-0.07,-0.35
768,100,629,-0.98,0.0,-0.42
767,102,630,-0.49,0.07,-0.49
766,105,632,0.21,-0.14,-0.7
767,111,632,0.63,-0.28,-0.7
770,112,630,0.84,-0.42,-0.63
771,114,628,1.05,-0.63,-0.63
770,109,625,1.26,-0.7,-0.49
768,110,623,1.05,-0.77,-0.42
770,112,623,0.84,-0.84,-0.42
771,109,623,0.42,-0.84,-0.28
770,105,622,0.0,-0.77,-0.21
771,105,622,-0.07,-0.91,-0.21
773,104,622,0.0,-0.84,-0.21
774,106,622,0.0,-0.63,-0.14
774,108,621,-0.28,-0.63,0.0
775,107,622,-0.7,-0.63,0.0
772,108,622,-0.98,-0.63,0.07
770,106,625,-1.12,-0.56,0.14
767,102,622,-1.26,-0.49,0.28
766,102,622,-1.47,-0.42,0.28
766,103,624,-1.33,-0.56,0.14
769,102,623,-1.19,-0.56,0.28
773,98,623,-1.05,-0.63,0.28
775,98,622,-0.63,-0.7,0.21
777,105,621,-0.07,-0.7,0.07
778,106,620,0.14,-0.63,0.07
772,104,618,0.07,-0.56,0.07
770,104,618,0.07,-0.35,0.0
764,104,619,0.21,-0.14,-0.21
765,106,617,0.35,-0.07,-0.21
764,107,621,0.35,0.0,-0.07
767,108,624,0.42,-0.14,0.07
769,109,627,0.56,-0.28,0.14
770,111,629,0.49,-0.49,0.14
771,110,630,0.49,-0.49,0.14
772,111,629,0.21,-0.49,0.21
771,112,628,-0.07,-0.63,0.21
770,114,627,-0.42,-0.77,0.14
769,115,627,-0.98,-0.84,0.28
768,106,629,-1.68,-0.98,0.42
768,103,625,-2.03,-0.98,0.35
768,101,626,-1.89,-1.05,0.42
771,96,628,-1.54,-1.19,0.56
772,99,624,-1.33,-1.33,0.63
773,101,626,-1.26,-1.4,0.56
774,95,627,-1.33,-1.4,0.63
772,92,624,-1.47,-1.33,0.56
771,95,627,-1.26,-1.4,0.49
772,95,626,-0.98,-1.4,0.56
774,94,624,-0.98,-1.33,0.7
774,97,620,-0.84,-1.33,0.56
775,97,617,-0.7,-1.26,0.63
776,96,611,-0.84,-1.12,0.63
776,96,611,-0.77,-0.98,0.56
774,95,613,-0.49,-0.84,0.42
770,96,613,-0.42,-0.63,0.28
769,99,616,-0.35,-0.56,0.14
767,97,620,-0.28,-0.56,-0.07
766,97,624,-0.21,-0.49,-0.21
767,104,623,0.21,-0.63,-0.28
769,103,626,0.63,-0.63,-0.28
768,102,627,0.77,-0.77,-0.28
770,106,627,0.98,-0.91,-0.28
771,111,627,1.12,-0.84,-0.28
771,110,625,0.84,-0.84,-0.14
772,104,623,0.42,-0.77,0.0
769,103,621,0.07,-0.7,-0.07
769,103,624,0.14,-0.77,-0.14
771,97,623,0.42,-0.91,0.07
772,104,619,0.35,-0.7,0.07
773,109,622,0.35,-0.91,0.21
777,108,622,0.07,-0.91,0.42
777,109,620,-0.21,-0.91,0.56
775,108,622,-0.35,-0.91,0.63
770,106,624,-0.49,-0.91,0.7
769,106,626,-0.56,-0.84,0.7
769,103,626,-0.56,-0.84,0.84
769,106,622,-0.56,-0.77,0.91
774,110,623,-0.49,-0.77,0.98
774,108,622,-0.7,-0.56,1.12
775,103,622,-0.77,-0.63,1.33
776,102,621,-0.77,-0.7,1.26
777,102,622,-0.77,-0.77,1.19
777,100,620,-0.91,-0.84,1.19
777,103,617,-1.12,-0.91,1.26
777,99,617,-1.33,-0.91,1.26
774,96,617,-1.47,-0.84,1.26
773,96,619,-1.33,-0.77,1.26
771,98,620,-1.19,-0.7,1.26
770,99,626,-1.26,-0.77,1.4
768,98,626,-1.33,-0.63,1.54
769,99,630,-1.4,-0.63,1.54
770,96,632,-1.4,-0.63,1.61
771,90,630,-1.54,-0.7,1.61
773,87,626,-1.47,-0.7,1.26
774,92,624,-1.33,-0.91,1.05
774,95,625,-1.33,-1.05,1.05
775,90,625,-1.54,-1.19,1.12
774,84,622,-1.54,-1.26,0.98
774,83,617,-1.26,-1.33,0.7
773,87,617,-0.77,-1.26,0.49
774,84,617,-0.35,-1.26,0.49
775,85,613,-0.14,-1.05,0.49
776,86,612,0.07,-0.84,0.42
776,85,615,0.14,-0.63,0.35
777,86,615,0.0,-0.49,0.21
775,86,617,-0.14,-0.35,0.14
777,86,621,-0.14,-0.35,0.0
775,85,622,-0.21,0.0,-0.21
773,86,622,-0.28,0.0,-0.35
772,88,623,-0.21,-0.07,-0.49
773,89,625,-0.14,0.0,-0.49
775,91,623,-0.14,0.0,-0.42
776,93,623,-0.07,-0.07,-0.42
774,91,623,-0.07,-0.14,-0.35
774,93,622,-0.07,-0.21,-0.35
773,95,623,0.0,-0.14,-0.21
771,94,625,-0.07,-0.14,-0.21
769,92,625,-0.14,-0.21,-0.28
768,92,624,0.07,-0.14,-0.28
770,94,625,0.14,-0.21,-0.35
770,95,626,0.14,-0.35,-0.28
770,96,625,-0.07,-0.42,-0.35
771,97,626,-0.14,-0.49,-0.42
770,97,626,-0.35,-0.56,-0.35
771,101,626,-0.28,-0.7,-0.35
772,98,629,-0.28,-0.77,-0.14
771,95,626,-0.63,-0.7,-0.14
771,102,622,-0.49,-0.77,-0.14
773,100,629,-0.35,-0.84,0.0
773,88,625,-0.63,-0.77,0.07
774,90,620,-0.63,-0.91,-0.21
774,98,626,-0.42,-1.12,-0.42
773,95,632,-0.77,-1.33,-0.35
772,93,630,-0.98,-1.47,-0.35
771,91,631,-1.05,-1.54,-0.56
769,90,632,-0.91,-1.61,-0.7
771,94,624,-0.63,-1.68,-0.49
777,103,620,-0.21,-1.89,-0.21
780,104,620,-0.14,-2.1,0.14
778,99,619,-0.35,-2.1,0.35
775,95,615,-0.56,-2.03,0.21
773,91,613,-0.56,-1.75,0.14
773,85,612,-0.63,-1.47,0.0
773,83,611,-0.56,-1.33,-0.14
774,86,611,-0.49,-1.12,-0.28
775,85,611,-0.42,-0.91,-0.42
775,82,613,-0.28,-0.56,-0.42
775,83,613,0.0,-0.28,-0.56
776,86,615,0.35,-0.07,-0.63
776,90,620,0.63,0.14,-0.77
776,90,624,0.77,0.28,-0.7
774,94,630,0.56,0.21,-0.7
773,92,635,0.42,0.0,-0.77
771,94,634,0.21,-0.21,-0.84
773,98,632,0.21,-0.56,-0.77
773,99,632,0.28,-0.84,-0.7
772,97,631,0.21,-0.98,-0.63
770,96,625,0.28,-1.19,-0.49
770,100,621,0.42,-1.33,-0.49
772,101,622,0.42,-1.54,-0.35
774,99,619,0.35,-1.68,-0.21
776,98,619,0.21,-1.75,-0.21
775,99,620,-0.07,-1.82,-0.21
774,95,619,-0.21,-1.75,-0.21
774,93,618,-0.07,-1.61,-0.35
774,94,619,0.0,-1.54,-0.42
775,91,620,0.07,-1.47,-0.49
774,90,616,0.14,-1.4,-0.56
778,96,615,0.28,-1.47,-0.56
781,96,615,0.21,-1.4,-0.49
780,95,612,-0.21,-1.4,-0.49
778,94,613,-0.35,-1.26,-0.49
776,97,614,-0.42,-1.12,-0.42
776,92,613,-0.35,-0.91,-0.28
775,87,612,0.0,-0.77,-0.21
775,85,614,0.35,-0.49,-0.28
775,86,614,0.7,-0.21,-0.42
773,86,616,0.98,0.0,-0.56
774,90,617,1.05,0.14,-0.56
776,94,619,0.84,0.14,-0.63
776,96,621,0.63,0.28,-0.7
774,97,623,0.49,0.28,-0.77
770,99,626,0.42,0.21,-0.84
769,100,626,0.35,0.07,-0.84
770,99,626,0.49,-0.07,-0.84
772,99,626,0.7,-0.21,-0.7
771,98,624,1.05,-0.35,-0.63
772,103,623,1.47,-0.49,-0.56
773,108,625,1.61,-0.77,-0.42
775,108,625,1.26,-0.98,-0.28
775,106,625,0.77,-1.05,-0.35
775,105,623,0.56,-1.05,-0.49
773,111,620,0.21,-1.19,-0.42
773,109,621,-0.28,-1.33,-0.21
774,104,618,-0.84,-1.26,-0.14
775,103,618,-1.05,-1.26,-0.07
776,97,620,-0.84,-1.26,0.0
775,95,614,-0.77,-1.19,0.0
778,97,613,-0.49,-1.05,0.07
780,96,609,-0.21,-0.91,0.14
781,102,607,-0.21,-0.77,0.21
780,103,609,-0.49,-0.7,0.42
776,100,611,-0.91,-0.49,0.35
774,100,613,-1.33,-0.28,0.42
775,99,616,-1.4,-0.14,0.49
775,96,620,-1.47,-0.07,0.56
775,91,620,-1.33,0.07,0.49
774,94,622,-0.98,0.07,0.49
775,97,622,-0.77,0.07,0.42
774,92,621,-0.77,0.14,0.56
773,97,622,-0.84,0.07,0.42
773,97,624,-0.77,0.0,0.35
773,97,622,-0.98,0.0,0.35
772,98,622,-1.05,0.07,0.35
771,96,624,-1.12,0.0,0.28
771,95,623,-1.05,0.0,0.28
772,96,627,-0.91,-0.07,0.28
771,94,625,-0.84,-0.07,0.35
772,96,625,-0.7,-0.21,0.35
773,97,627,-0.63,-0.35,0.42
770,95,630,-0.77,-0.49,0.49
770,93,629,-0.77,-0.56,0.42
771,95,625,-0.63,-0.63,0.35
771,94,624,-0.42,-0.63,0.42
774,90,620,-0.49,-0.56,0.49
773,92,618,-0.49,-0.49,0.56
774,90,621,-0.56,-0.49,0.56
775,86,618,-0.7,-0.42,0.56
776,91,616,-0.77,-0.49,0.49
775,88,620,-0.91,-0.49,0.49
774,85,621,-0.98,-0.49,0.42
773,84,626,-0.7,-0.49,0.35
770,84,628,-0.28,-0.49,0.28
770,87,627,-0.14,-0.63,0.28
773,87,625,0.14,-0.7,0.14
776,86,620,0.42,-0.63,0.0
778,91,617,0.28,-0.56,-0.07
778,93,616,0.07,-0.7,-0.14
775,89,615,-0.49,-0.56,-0.28
775,84,616,-1.05,-0.35,-0.42
772,88,620,-0.77,-0.21,-0.63
773,92,622,-0.28,-0.35,-0.56
772,95,619,-0.35,-0.42,-0.42
773,98,618,-0.77,-0.49,-0.28
774,92,624,-0.91,-0.49,-0.28
775,91,625,-0.56,-0.56,-0.42
776,94,624,-0.14,-0.63,-0.42
774,94,626,0.35,-0.63,-0.35
773,94,625,0.63,-0.7,-0.42
774,98,620,0.63,-0.77,-0.42
774,98,620,0.56,-0.77,-0.42
772,99,618,0.21,-0.7,-0.42
772,104,617,-0.07,-0.77,-0.42
773,104,620,-0.42,-0.77,-0.28
775,101,621,-0.91,-0.77,-0.07
774,103,622,-1.19,-0.77,0.0
774,105,623,-1.19,-0.84,0.07
776,98,624,-1.33,-0.77,0.28
772,91,622,-1.4,-0.7,0.28
772,91,621,-1.12,-0.7,0.21
773,91,621,-0.91,-0.63,0.14
775,88,619,-0.91,-0.56,0.21
778,92,616,-0.98,-0.56,0.28
777,96,615,-0.98,-0.49,0.35
778,96,616,-1.4,-0.49,0.49
776,94,619,-1.89,-0.49,0.63
773,94,621,-2.03,-0.49,0.7
771,91,623,-2.1,-0.42,0.77
773,83,622,-2.1,-0.35,0.63
772,81,624,-1.75,-0.28,0.49
772,81,627,-1.4,-0.42,0.42
770,77,630,-1.05,-0.56,0.28
773,76,631,-0.7,-0.7,-0.07
774,82,628,-0.14,-0.77,-0.14
775,86,626,0.07,-0.84,-0.07
773,86,626,-0.07,-0.98,0.0
772,84,627,-0.14,-0.98,-0.07
770,86,624,0.0,-1.12,-0.14
771,90,621,0.14,-1.26,-0.07
771,85,624,0.21,-1.26,0.0
771,84,624,0.35,-1.4,0.0
773,84,621,0.7,-1.4,-0.07
776,83,618,0.98,-1.33,-0.14
776,82,618,1.26,-1.33,-0.28
776,83,618,1.54,-1.19,-0.49
775,87,617,1.61,-1.12,-0.63
775,88,618,1.61,-0.98,-0.77
775,91,618,1.54,-0.84,-0.77
772,92,620,1.33,-0.77,-0.77
773,93,623,1.19,-0.7,-0.84
772,95,622,0.98,-0.7,-0.84
773,99,623,0.91,-0.77,-0.84
773,97,625,0.7,-0.84,-0.77
776,97,620,0.49,-0.91,-0.7
778,95,619,0.28,-0.91,-0.63
778,92,620,0.07,-0.91,-0.63
776,93,616,0.07,-0.84,-0.63
776,92,618,-0.07,-0.7,-0.56
773,91,620,-0.35,-0.63,-0.56
772,91,621,-0.21,-0.63,-0.49
772,86,620,-0.07,-0.49,-0.49
771,83,618,0.0,-0.42,-0.56
774,88,620,0.28,-0.28,-0.84
774,96,623,0.49,-0.42,-0.77
774,96,628,0.35,-0.7,-0.56
776,91,628,0.0,-0.77,-0.56
776,89,627,0.0,-0.84,-0.63
775,91,624,0.49,-0.98,-0.77
775,93,619,0.84,-0.98,-0.7
776,95,616,0.84,-0.98,-0.63
772,90,619,0.63,-0.98,-0.77
772,88,617,0.63,-1.05,-1.05
774,93,617,0.63,-0.98,-1.19
775,90,620,0.49,-0.98,-1.26
775,90,617,0.63,-0.98,-1.4
778,95,614,0.77,-0.84,-1.47
778,97,611,0.77,-0.7,-1.47
775,95,615,0.7,-0.49,-1.33
776,97,616,0.91,-0.42,-1.4
776,105,616,1.33,-0.28,-1.19
776,108,618,1.4,-0.21,-0.77
775,111,617,1.19,-0.14,-0.49
775,114,616,0.84,-0.07,-0.28
773,114,617,0.28,0.0,-0.07
773,110,617,-0.28,0.21,0.07
774,107,617,-0.63,0.35,0.14
773,104,620,-0.7,0.49,0.21
773,98,622,-0.63,0.56,0.14
771,98,618,-0.42,0.7,0.14
770,104,622,-0.14,0.56,0.14
772,105,623,-0.21,0.49,0.28
774,105,621,-0.56,0.42,0.49
774,105,623,-0.84,0.42,0.42
774,100,625,-0.77,0.42,0.42
773,99,626,-0.7,0.42,0.42
771,99,627,-0.56,0.21,0.56
770,98,628,-0.49,0.07,0.77
769,94,628,-0.63,0.0,0.84
770,92,627,-0.77,-0.07,0.84
772,93,625,-0.56,-0.28,0.84
773,92,625,-0.49,-0.35,0.91
772,89,626,-0.84,-0.56,0.91
771,88,629,-0.98,-0.7,0.7
773,86,627,-1.05,-0.84,0.63
772,85,627,-1.05,-0.91,0.35
772,84,627,-0.84,-0.98,0.21
772,88,625,-0.56,-1.05,0.21
772,88,623,-0.28,-1.12,0.21
772,90,623,0.07,-1.12,0.21
772,91,624,0.21,-1.12,0.14
772,92,621,0.14,-1.05,0.07
772,95,619,0.0,-1.05,0.07
772,94,621,-0.28,-0.98,0.0
773,89,622,-0.63,-0.91,-0.07
773,86,620,-0.77,-0.84,-0.21
773,89,620,-0.35,-0.77,-0.35
775,91,619,0.07,-0.77,-0.35
775,94,618,0.28,-0.84,-0.21
777,96,619,0.28,-0.84,-0.21
775,96,620,0.35,-0.91,-0.28
774,97,620,0.14,-0.91,-0.28
771,97,621,-0.07,-0.84,-0.28
771,95,621,-0.21,-0.77,-0.28
771,95,620,-0.21,-0.7,-0.21
771,95,620,-0.14,-0.63,-0.14
770,92,621,-0.21,-0.56,-0.07
771,92,622,-0.28,-0.42,-0.14
773,94,622,-0.21,-0.35,-0.14
776,94,620,-0.07,-0.28,-0.07
775,104,625,0.0,-0.35,0.0
776,100,622,0.28,-0.56,0.35
777,93,620,-0.35,-0.56,0.28
774,97,624,-0.21,-0.63,0.0
773,98,625,0.14,-0.84,0.14
773,100,622,-0.14,-1.05,0.28
771,96,624,-0.42,-1.12,0.28
769,95,625,-0.63,-1.19,0.21
771,97,624,-0.7,-1.33,0.21
773,92,623,-0.77,-1.33,0.35
774,87,622,-0.7,-1.33,0.35
775,89,623,-0.35,-1.4,0.14
775,90,625,-0.07,-1.4,0.14
775,93,622,-0.21,-1.33,0.14
772,95,621,-0.49,-1.33,0.07
770,93,624,-0.77,-1.26,0.07
769,91,623,-0.91,-1.19,0.07
771,94,620,-0.91,-1.19,0.14
774,90,618,-0.98,-1.05,0.28
776,88,619,-1.05,-1.05,0.21
777,90,622,-0.84,-0.98,0.14
777,91,622,-0.77,-1.12,0.21
776,89,620,-0.84,-1.12,0.21
775,87,620,-0.77,-1.05,0.21
775,88,620,-0.56,-1.12,0.07
775,91,617,-0.42,-1.05,-0.07
775,91,617,-0.56,-0.98,0.0
774,88,620,-0.84,-0.84,-0.07
774,86,621,-0.77,-0.77,-0.28
775,89,619,-0.49,-0.77,-0.42
777,92,618,-0.42,-0.7,-0.49
775,87,623,-0.42,-0.56,-0.49
774,84,620,-0.28,-0.49,-0.56
772,92,617,0.14,-0.49,-0.56
772,96,621,0.35,-0.49,-0.49
772,97,623,0.14,-0.56,-0.28
774,96,622,-0.07,-0.7,-0.21
775,96,623,-0.14,-0.63,-0.21
775,99,625,-0.35,-0.84,-0.14
775,97,624,-0.49,-0.98,-0.07
774,95,623,-0.77,-1.05,0.07
773,94,621,-0.98,-1.05,0.07
775,92,623,-0.77,-1.12,0.0
774,94,623,-0.7,-1.19,0.07
777,92,619,-0.56,-1.19,0.14
777,92,616,-0.49,-1.12,0.14
775,97,616,-0.63,-1.12,0.07
777,98,618,-0.77,-0.98,0.14
775,92,617,-1.05,-0.91,0.28
773,92,618,-0.91,-0.84,0.14
774,100,623,-0.7,-0.84,0.14
774,103,623,-0.63,-0.91,0.56
777,88,621,-0.98,-0.98,0.7
779,85,615,-1.12,-0.84,0.35
779,92,614,-0.63,-0.77,0.21
780,91,614,-0.42,-0.77,0.28
779,91,611,-0.98,-0.63,0.49
775,90,612,-1.4,-0.56,0.35
774,87,617,-1.82,-0.42,0.21
770,87,619,-1.96,-0.35,0.21
773,87,621,-1.82,-0.28,0.14
773,85,621,-1.47,-0.14,0.14
773,84,622,-1.05,-0.07,0.28
773,84,625,-0.63,-0.07,0.28
774,84,622,-0.42,0.0,0.21
776,84,622,-0.28,0.07,0.28
774,80,625,-0.35,0.07,0.21
774,82,624,-0.42,0.0,0.07
777,83,625,-0.35,-0.21,-0.07
777,81,623,-0.49,-0.21,-0.21
776,82,620,-0.49,-0.35,-0.28
777,81,621,-0.28,-0.28,-0.42
775,82,621,0.0,-0.35,-0.49
773,83,619,0.21,-0.35,-0.63
772,86,620,0.42,-0.28,-0.63
772,86,622,0.56,-0.28,-0.63
771,86,623,0.35,-0.28,-0.63
772,89,624,0.42,-0.35,-0.77
773,92,624,0.49,-0.49,-0.7
773,90,624,0.63,-0.7,-0.49
778,94,626,0.7,-0.91,-0.49
776,96,625,0.56,-0.84,-0.35
775,90,627,0.28,-0.98,-0.28
771,86,625,0.14,-0.98,-0.35
772,91,622,0.35,-1.12,-0.49
772,91,623,0.56,-1.12,-0.42
771,91,625,0.42,-1.12,-0.35
774,101,630,0.77,-1.33,-0.21
775,81,622,0.49,-1.33,-0.21
776,83,620,-0.14,-1.26,-0.84
775,90,624,0.56,-1.33,-1.05
777,92,621,0.56,-1.47,-0.7
776,86,619,0.0,-1.47,-0.63
774,87,617,-0.07,-1.47,-0.91
775,88,615,0.0,-1.54,-0.98
775,88,615,0.14,-1.4,-0.91
775,88,615,0.28,-1.33,-0.84
776,89,615,0.49,-1.26,-0.84
780,92,614,0.63,-1.12,-0.84
784,95,615,0.63,-1.05,-0.77
781,92,615,0.35,-0.91,-0.77
776,91,617,0.07,-0.77,-0.91
772,91,618,-0.14,-0.63,-1.05
771,89,617,-0.07,-0.42,-1.05
771,88,619,-0.07,-0.35,-0.98
771,88,619,0.07,-0.21,-1.05
776,92,617,0.49,-0.21,-0.91
780,97,616,0.63,-0.14,-0.77
781,97,618,0.56,-0.07,-0.7
780,96,618,0.49,-0.07,-0.63
778,99,618,0.28,-0.07,-0.7
775,98,619,0.07,-0.07,-0.7
774,95,620,-0.28,0.0,-0.7
771,95,620,-0.63,0.0,-0.77
771,96,620,-0.84,0.0,-0.84
773,95,621,-0.77,0.07,-0.7
773,92,621,-0.7,0.21,-0.56
773,93,621,-0.35,0.35,-0.56
774,95,623,0.0,0.28,-0.49
775,94,621,0.21,0.35,-0.35
774,93,621,0.35,0.49,-0.28
773,95,620,0.42,0.42,-0.35
772,95,623,0.35,0.42,-0.28
770,95,624,0.21,0.42,-0.14
771,96,624,0.21,0.42,-0.21
771,98,624,0.35,0.35,-0.14
773,98,622,0.35,0.28,-0.14
773,99,622,0.42,0.28,0.0
773,102,624,0.49,0.21,0.07
773,101,624,0.42,0.14,0.21
772,101,625,0.21,0.07,0.21
771,97,627,-0.07,-0.14,0.21
773,96,627,-0.14,-0.28,0.07
775,98,625,-0.14,-0.49,-0.07
776,98,624,-0.14,-0.56,-0.07
775,107,628,-0.07,-0.7,0.07
772,92,624,-0.28,-0.91,0.49
771,82,619,-1.05,-0.77,0.0
768,88,619,-0.49,-0.49,-0.42
771,94,618,0.14,-0.42,-0.14
773,92,617,-0.28,-0.28,0.14
773,89,620,-0.56,-0.14,0.21
774,90,622,-0.49,0.0,0.07
776,94,620,-0.63,0.0,0.21
775,95,624,-0.7,-0.07,0.21
774,96,627,-0.77,-0.14,0.28
772,93,629,-0.91,-0.14,0.28
771,89,631,-0.98,0.0,0.14
768,85,626,-0.77,0.0,0.14
769,92,623,-0.35,-0.14,0.0
772,91,622,-0.14,-0.21,0.0
775,87,620,-0.35,-0.21,0.07
775,88,619,-0.35,-0.21,0.0
776,92,622,-0.21,-0.28,-0.07
776,94,623,-0.14,-0.42,-0.07
774,95,622,-0.28,-0.49,-0.07
772,95,625,-0.42,-0.56,-0.07
770,94,623,-0.7,-0.49,-0.14
769,94,623,-0.77,-0.56,-0.21
769,92,625,-0.63,-0.49,-0.14
770,93,624,-0.49,-0.49,-0.21
772,90,623,-0.35,-0.42,-0.21
770,89,624,-0.35,-0.35,-0.28
769,89,627,-0.21,-0.42,-0.28
771,90,626,0.0,-0.35,-0.28
773,89,625,0.14,-0.28,-0.35
771,89,622,0.21,-0.21,-0.35
772,96,620,0.56,-0.21,-0.35
773,97,622,0.49,-0.21,-0.14
774,95,622,0.21,-0.28,-0.07
774,97,621,0.07,-0.21,0.0
772,101,623,-0.07,-0.28,0.07
773,100,624,-0.35,-0.28,0.21
774,99,623,-0.63,-0.28,0.42
772,100,625,-0.56,-0.35,0.56
770,100,626,-0.56,-0.28,0.63
770,99,625,-0.84,-0.14,0.7
769,95,625,-1.12,-0.07,0.7
769,95,624,-1.19,0.0,0.63
770,94,623,-1.19,-0.07,0.56
772,89,623,-1.12,0.0,0.56
775,89,621,-1.05,-0.14,0.56
775,90,623,-0.77,-0.28,0.49
771,90,626,-0.56,-0.49,0.42
768,86,627,-0.28,-0.56,0.42
769,89,624,0.07,-0.49,0.35
769,90,626,0.07,-0.35,0.56
767,88,626,-0.07,-0.42,0.49
768,86,627,-0.35,-0.28,0.42
770,83,630,-0.7,-0.21,0.28
770,83,631,-0.63,-0.35,0.14
771,87,632,-0.56,-0.42,0.07
770,83,633,-0.7,-0.56,0.21
773,86,631,-0.7,-0.77,0.0
771,86,629,-0.49,-0.77,-0.07
769,84,626,-0.21,-0.7,-0.21
768,84,620,0.07,-0.63,-0.28
768,86,618,0.21,-0.56,-0.42
770,84,621,0.14,-0.42,-0.49
771,84,621,0.14,-0.35,-0.56
774,86,621,0.28,-0.28,-0.77
774,84,626,0.21,-0.35,-0.84
773,87,625,0.21,-0.35,-0.84
772,90,627,0.21,-0.42,-0.91
771,87,631,0.0,-0.42,-0.91
768,87,630,0.0,-0.42,-0.84
767,92,629,0.14,-0.49,-0.84
767,94,630,0.07,-0.56,-0.7
765,93,631,-0.07,-0.7,-0.49
768,92,630,-0.14,-0.7,-0.35
769,93,630,-0.14,-0.7,-0.35
771,94,627,0.0,-0.84,-0.28
771,93,625,0.14,-0.77,-0.28
769,92,625,0.14,-0.84,-0.35
770,92,625,0.21,-0.84,-0.35
770,92,625,0.21,-0.84,-0.49
768,94,623,0.07,-0.77,-0.49
769,97,625,0.0,-0.98,-0.56
772,98,626,0.07,-0.98,-0.42
774,100,623,-0.07,-1.05,-0.28
774,101,620,0.0,-1.12,-0.21
776,102,620,0.07,-1.12,-0.14
774,102,617,-0.28,-0.91,0.07
773,99,614,-0.7,-0.77,0.14
772,96,614,-1.05,-0.56,0.07
772,93,616,-1.19,-0.42,0.0
771,89,621,-1.4,-0.28,0.07
770,87,623,-1.47,-0.14,0.07
771,89,627,-1.26,-0.07,0.0
773,85,628,-1.05,-0.07,0.0
773,88,627,-0.91,-0.07,-0.07
772,91,628,-0.77,-0.14,-0.07
771,87,631,-0.77,-0.21,-0.07
769,86,627,-0.7,-0.21,-0.07
768,87,627,-0.56,-0.21,-0.14
767,89,629,-0.49,-0.21,-0.07
765,91,628,-0.49,-0.28,0.0
766,93,630,-0.56,-0.21,0.14
766,90,630,-0.77,-0.21,0.21
767,88,630,-0.7,-0.28,0.14
769,86,631,-0.56,-0.28,0.0
770,85,630,-0.49,-0.28,-0.07
770,86,630,-0.35,-0.42,-0.28
771,88,629,-0.14,-0.49,-0.42
770,88,630,-0.21,-0.56,-0.49
769,89,629,-0.35,-0.63,-0.63
768,91,627,-0.35,-0.7,-0.63
768,92,627,-0.35,-0.77,-0.56
769,91,627,-0.35,-0.77,-0.42
770,86,624,-0.14,-0.7,-0.42
770,89,624,0.14,-0.63,-0.42
772,91,623,0.21,-0.7,-0.42
771,96,628,0.14,-0.77,-0.21
773,102,629,0.49,-0.98,0.14
773,84,623,-0.14,-0.98,0.28
772,87,620,-0.35,-0.84,-0.21
768,89,625,-0.07,-0.84,-0.56
769,95,623,0.07,-0.84,-0.49
770,91,624,-0.21,-0.77,-0.14
769,91,627,-0.49,-0.84,-0.21
771,86,625,-0.49,-0.7,-0.28
770,87,624,-0.42,-0.49,-0.42
772,94,624,-0.28,-0.49,-0.42
773,92,625,-0.35,-0.56,-0.21
775,88,624,-0.56,-0.49,-0.14
772,90,624,-0.63,-0.56,-0.14
773,91,626,-0.56,-0.7,-0.14
772,91,624,-0.56,-0.7,-0.14
770,89,627,-0.56,-0.7,0.0
767,85,629,-0.42,-0.7,-0.07
764,88,628,-0.21,-0.7,-0.14
762,89,629,0.07,-0.7,-0.14
765,88,629,0.14,-0.7,-0.14
770,90,630,0.42,-0.7,-0.07
771,89,633,0.56,-0.7,-0.07
770,88,636,0.77,-0.77,0.0
769,87,632,0.91,-0.84,-0.07
768,92,632,1.05,-1.05,-0.28
768,91,633,0.98,-1.33,-0.56
769,89,629,0.84,-1.4,-0.63
767,88,627,0.84,-1.47,-0.7
768,88,628,1.05,-1.54,-0.84
768,91,628,1.33,-1.68,-0.91
769,94,625,1.4,-1.75,-0.91
770,93,624,1.26,-1.68,-0.84
772,95,624,0.77,-1.61,-0.84
772,97,625,0.49,-1.47,-0.77
771,96,628,0.07,-1.4,-0.63
772,95,627,-0.42,-1.47,-0.49
772,94,626,-0.63,-1.47,-0.49
772,94,628,-0.7,-1.61,-0.49
772,90,628,-0.7,-1.54,-0.42
773,91,623,-0.63,-1.54,-0.35
772,95,622,-0.56,-1.61,-0.42
773,94,621,-0.56,-1.54,-0.35
774,94,616,-0.7,-1.47,-0.21
777,94,615,-0.63,-1.4,-0.21
777,93,616,-0.49,-1.26,-0.14
776,94,614,-0.35,-1.12,-0.07
774,96,615,-0.21,-1.12,-0.07
772,96,616,-0.21,-1.05,0.0
772,93,616,-0.28,-0.91,-0.07
771,90,617,-0.28,-0.77,-0.14
771,91,618,-0.21,-0.63,-0.35
772,92,619,-0.14,-0.49,-0.42
771,90,622,-0.21,-0.28,-0.35
773,88,626,-0.21,-0.21,-0.49
774,88,626,-0.21,-0.28,-0.56
774,92,626,-0.14,-0.42,-0.63
774,91,629,-0.21,-0.42,-0.56
774,86,632,-0.35,-0.49,-0.42
771,91,628,-0.42,-0.63,-0.49
771,94,628,-0.42,-0.77,-0.49
769,92,630,-0.63,-0.91,-0.35
771,91,629,-0.7,-0.98,-0.35
768,93,626,-0.56,-1.12,-0.35
770,93,624,-0.56,-1.33,-0.35
769,90,625,-0.56,-1.12,-0.28
769,91,625,-0.42,-1.26,-0.07
770,94,626,-0.21,-1.12,-0.21
771,94,630,-0.28,-1.05,-0.49
771,89,628,-0.49,-0.98,-0.49
773,92,623,-0.49,-1.12,-0.7
775,93,621,-0.35,-1.33,-0.84
775,92,621,-0.21,-1.33,-0.7
775,92,619,-0.14,-1.26,-0.7
773,95,619,0.07,-1.26,-0.7
772,95,620,0.0,-1.33,-0.7
771,95,618,-0.07,-1.33,-0.77
772,96,621,0.0,-1.26,-0.7
773,96,622,-0.07,-1.19,-0.63
774,93,623,0.0,-1.12,-0.49
773,92,622,0.21,-1.05,-0.49
772,100,622,0.35,-1.05,-0.42
773,103,623,0.21,-0.98,-0.14
774,102,620,-0.14,-0.98,0.14
773,102,621,-0.14,-0.84,0.28
771,102,621,-0.21,-0.77,0.42
771,102,622,-0.28,-0.63,0.56
772,101,621,-0.42,-0.56,0.56
774,100,620,-0.42,-0.63,0.63
775,98,622,-0.56,-0.63,0.63
775,95,623,-0.7,-0.7,0.63
776,96,621,-0.84,-0.77,0.63
775,93,621,-0.77,-0.77,0.49
775,89,620,-0.7,-0.7,0.49
773,92,619,-0.49,-0.77,0.35
773,95,621,-0.35,-0.77,0.28
775,95,619,-0.49,-0.7,0.49
775,96,617,-0.63,-0.7,0.63
775,94,619,-0.77,-0.7,0.63
774,94,620,-0.98,-0.77,0.63
774,92,620,-1.26,-0.77,0.7
775,87,623,-1.4,-0.77,0.7
775,82,624,-1.47,-0.77,0.56
775,85,623,-1.4,-0.91,0.42
776,88,625,-1.33,-1.05,0.49
776,84,624,-1.33,-1.12,0.63
774,81,621,-1.4,-1.19,0.56
773,81,621,-0.98,-1.12,0.28
771,82,623,-0.56,-0.98,0.21
771,89,622,-0.49,-1.12,0.28
772,87,623,-0.56,-0.98,0.28
770,84,624,-0.91,-0.91,0.14
772,85,624,-0.98,-0.77,-0.07
772,82,624,-0.84,-0.63,-0.14
771,79,625,-0.63,-0.49,-0.28
770,82,623,-0.14,-0.49,-0.35
772,86,625,0.14,-0.56,-0.42
775,87,623,0.14,-0.63,-0.42
774,89,623,0.14,-0.77,-0.42
774,87,625,0.21,-1.05,-0.49
775,89,624,0.28,-1.26,-0.49
777,91,624,0.49,-1.4,-0.42
777,90,622,0.42,-1.47,-0.49
776,95,619,0.21,-1.47,-0.49
776,92,621,0.0,-1.47,-0.42
774,87,619,-0.42,-1.4,-0.35
774,88,618,-0.49,-1.33,-0.42
773,88,620,-0.42,-1.26,-0.42
773,89,620,-0.42,-1.12,-0.42
772,86,622,-0.42,-0.98,-0.42
773,88,625,-0.42,-1.05,-0.42
772,91,625,-0.28,-1.05,-0.42
771,90,622,-0.07,-0.98,-0.28
774,89,620,0.21,-0.84,-0.28
774,89,621,0.56,-0.77,-0.21
775,91,620,0.77,-0.7,-0.28
777,96,616,0.77,-0.7,-0.14
777,95,616,0.49,-0.63,0.07
776,89,617,0.14,-0.56,0.14
775,90,617,0.07,-0.56,0.0
775,91,617,0.21,-0.49,-0.14
775,88,619,0.28,-0.42,-0.07
775,85,622,0.35,-0.49,-0.21
774,88,622,0.56,-0.49,-0.49
774,91,623,0.63,-0.63,-0.63
774,92,624,0.42,-0.7,-0.63
776,90,623,0.28,-0.7,-0.77
777,91,621,0.28,-0.77,-0.91
777,91,619,0.28,-0.77,-0.84
776,90,622,0.07,-0.77,-0.77
775,87,622,-0.07,-0.77,-0.84
775,90,620,0.0,-0.77,-0.84
776,92,620,0.0,-0.84,-0.77
776,90,620,0.0,-0.84,-0.63
776,88,620,-0.14,-0.84,-0.63
777,89,620,0.07,-0.84,-0.7
776,89,619,0.07,-0.77,-0.7
775,93,617,0.14,-0.7,-0.7
774,91,618,0.28,-0.63,-0.63
774,87,618,0.28,-0.49,-0.56
772,87,620,0.42,-0.42,-0.7
772,90,620,0.7,-0.28,-0.84
773,96,620,0.91,-0.28,-0.84
774,99,622,0.84,-0.28,-0.77
774,97,621,0.77,-0.21,-0.63
776,98,622,0.77,-0.21,-0.56
775,99,622,0.91,-0.14,-0.63
774,101,621,0.91,-0.07,-0.56
773,104,619,0.77,-0.07,-0.35
774,102,618,0.56,-0.07,-0.14
773,102,616,0.28,0.0,-0.07
773,102,617,0.07,-0.07,0.07
774,101,619,-0.07,-0.07,0.21
774,99,620,-0.28,-0.07,0.28
774,100,621,-0.28,-0.14,0.35
778,101,620,-0.42,-0.14,0.35
778,100,620,-0.63,-0.14,0.42
777,96,620,-0.77,-0.14,0.49
776,93,617,-0.84,-0.07,0.49
776,92,617,-0.91,-0.07,0.35
775,91,620,-0.91,0.0,0.28
774,89,620,-0.98,-0.07,0.28
773,90,620,-1.05,-0.14,0.21
775,88,622,-0.91,-0.14,0.14
774,86,623,-0.84,-0.14,0.0
773,86,624,-0.56,-0.14,0.0
773,85,624,-0.35,-0.07,-0.07
773,86,623,-0.28,-0.07,-0.21
774,87,620,-0.21,-0.07,-0.14
773,86,622,-0.35,0.07,-0.14
771,84,625,-0.56,0.07,-0.21
771,84,625,-0.56,0.0,-0.35
772,85,626,-0.42,0.0,-0.42
772,88,624,-0.21,-0.07,-0.49
772,90,626,-0.07,-0.14,-0.56
771,90,626,0.07,-0.07,-0.56
770,91,626,0.14,-0.07,-0.56
768,93,627,0.28,-0.14,-0.63
767,94,630,0.42,-0.28,-0.63
768,97,631,0.35,-0.28,-0.63
768,97,630,0.28,-0.35,-0.63
769,96,630,0.35,-0.49,-0.49
770,95,628,0.49,-0.7,-0.49
772,96,625,0.63,-0.77,-0.49
772,97,625,0.77,-0.91,-0.49
773,97,625,0.77,-1.05,-0.56
772,97,619,0.7,-1.05,-0.49
772,100,620,0.49,-1.05,-0.35
772,100,623,0.21,-1.19,-0.42
774,97,620,0.0,-1.12,-0.28
775,96,618,-0.21,-1.05,-0.21
776,93,619,-0.21,-1.05,-0.28
777,93,618,0.0,-0.98,-0.21
776,95,616,0.07,-0.91,-0.07
776,94,618,0.0,-0.7,0.0
771,90,619,-0.28,-0.42,0.07
768,93,619,-0.28,-0.28,0.0
768,107,621,0.0,-0.21,0.28
772,88,621,-0.28,-0.14,0.7
773,84,619,-0.91,0.0,0.42
774,97,624,0.0,0.07,0.21
777,99,626,0.42,-0.07,0.49
774,94,625,-0.14,-0.14,0.7
773,93,625,-0.28,-0.21,0.42
773,94,625,-0.21,-0.21,0.14
772,91,621,-0.49,-0.21,0.07
770,91,621,-0.56,-0.14,-0.14
770,91,623,-0.49,-0.28,-0.21
771,89,624,-0.42,-0.28,-0.21
772,88,624,-0.14,-0.21,-0.28
770,90,625,-0.14,-0.21,-0.42
770,91,628,0.0,-0.28,-0.42
770,92,628,0.0,-0.35,-0.49
771,92,628,-0.07,-0.49,-0.42
771,94,629,0.07,-0.63,-0.42
770,96,628,-0.07,-0.84,-0.42
772,96,627,-0.56,-1.05,-0.28
771,94,628,-0.98,-1.12,-0.28
774,88,626,-0.91,-1.19,-0.35
775,88,622,-0.7,-1.19,-0.42
776,89,622,-0.14,-1.19,-0.42
775,91,618,0.07,-1.12,-0.28
775,90,616,0.0,-0.91,-0.35
772,91,614,-0.14,-0.7,-0.49
769,95,617,-0.42,-0.7,-0.49
769,95,621,-0.7,-0.63,-0.49
769,90,626,-0.84,-0.49,-0.42
773,95,626,-0.49,-0.49,-0.49
773,93,631,-0.14,-0.56,-0.28
773,100,629,0.14,-0.7,-0.35
773,98,628,0.28,-0.84,-0.14
774,96,623,0.14,-0.91,-0.21
774,98,620,0.07,-0.98,-0.35
772,98,619,-0.21,-0.84,-0.28
772,95,618,-0.49,-0.77,-0.21
771,94,618,-0.77,-0.77,-0.21
770,94,620,-0.77,-0.7,-0.21
773,95,620,-0.63,-0.63,-0.14
774,94,623,-0.49,-0.49,-0.14
773,93,624,-0.21,-0.42,-0.07
773,106,622,0.14,-0.42,0.07
774,95,620,0.07,-0.21,0.49
771,86,620,-0.56,-0.07,0.28
769,93,624,-0.35,-0.14,-0.14
770,95,627,-0.07,-0.35,-0.21
772,90,626,-0.35,-0.28,-0.07
772,87,626,-0.42,-0.35,-0.14
772,89,626,0.0,-0.42,-0.35
773,93,625,0.28,-0.42,-0.35
773,95,625,0.35,-0.42,-0.35
771,93,623,0.28,-0.42,-0.21
771,98,622,0.14,-0.42,-0.21
772,97,622,0.07,-0.35,-0.14
772,93,622,-0.21,-0.21,0.0
771,93,622,-0.42,-0.21,0.07
772,92,623,-0.49,-0.28,0.07
772,90,624,-0.49,-0.28,0.14
772,89,626,-0.49,-0.28,0.14
773,88,628,-0.42,-0.35,0.07
771,87,630,-0.35,-0.49,0.07
771,88,631,-0.28,-0.63,-0.14
772,89,631,-0.07,-0.7,-0.21
771,90,628,0.07,-0.91,-0.35
774,91,625,0.14,-0.98,-0.42
772,93,622,0.07,-0.98,-0.42
771,93,621,0.07,-1.05,-0.49
771,94,621,0.0,-1.05,-0.49
770,94,622,-0.14,-0.98,-0.49
767,95,624,-0.21,-0.91,-0.42
768,95,626,-0.07,-0.91,-0.35
772,94,626,0.0,-0.84,-0.28
773,95,626,0.14,-0.77,-0.28
774,97,626,0.35,-0.84,-0.28
773,99,626,0.42,-0.91,-0.21
772,99,624,0.28,-1.05,-0.28
772,97,622,0.07,-1.05,-0.42
771,96,622,0.0,-1.05,-0.49
768,95,621,-0.14,-1.12,-0.49
767,95,620,-0.14,-1.19,-0.49
769,96,621,0.07,-1.12,-0.42
771,95,623,0.14,-1.12,-0.28
771,94,622,0.14,-0.98,-0.28
772,95,623,0.14,-0.84,-0.21
771,91,626,0.07,-0.77,-0.21
772,88,627,0.0,-0.7,-0.21
773,90,629,0.14,-0.77,-0.35
774,90,629,0.28,-0.84,-0.35
772,91,627,0.14,-0.91,-0.28
769,92,626,0.0,-0.98,-0.28
770,92,627,0.07,-1.05,-0.35
771,94,624,0.21,-1.05,-0.42
772,91,624,0.21,-1.05,-0.21
775,85,622,0.21,-1.12,-0.42
778,95,619,0.77,-1.19,-0.77
775,98,624,0.98,-1.19,-0.35
770,93,622,0.42,-1.4,-0.42
772,94,619,0.21,-1.47,-0.7
773,93,622,0.14,-1.33,-0.84
772,92,621,0.21,-1.26,-0.77
773,92,620,0.42,-1.12,-0.77
772,92,623,0.56,-1.05,-0.77
772,93,623,0.63,-1.05,-0.77
776,95,618,0.7,-1.05,-0.91
776,100,618,0.14,-0.98,-0.77
774,92,621,-0.28,-1.05,-0.91
775,91,617,0.0,-0.98,-1.12
776,94,616,0.28,-0.84,-1.05
772,100,624,0.63,-0.91,-0.91
771,97,624,1.05,-0.98,-0.91
775,99,620,1.05,-0.91,-0.84
775,103,620,1.19,-0.98,-0.77
774,103,621,1.33,-0.91,-0.63
775,103,619,1.05,-0.84,-0.56
775,106,620,0.7,-0.84,-0.42
773,104,621,0.28,-0.84,-0.35
772,105,621,0.0,-0.77,-0.35
772,105,620,-0.14,-0.77,-0.21
771,105,619,-0.42,-0.63,-0.14
772,103,618,-0.56,-0.56,-0.07
774,103,620,-0.56,-0.63,0.07
775,105,622,-0.49,-0.63,0.21
774,104,623,-0.63,-0.63,0.28
776,104,621,-0.7,-0.63,0.28
776,101,621,-0.84,-0.63,0.28
773,96,622,-0.77,-0.63,0.28
773,98,620,-0.7,-0.63,0.21
773,99,621,-0.7,-0.7,0.14
773,96,623,-0.98,-0.84,0.07
773,95,619,-0.98,-0.91,0.0
775,95,619,-0.7,-0.98,-0.07
775,94,621,-0.7,-0.98,-0.07
774,94,620,-0.63,-0.98,-0.07
773,95,622,-0.56,-0.91,-0.07
772,94,622,-0.49,-0.91,-0.07
772,95,623,-0.42,-0.84,0.0
773,92,625,-0.28,-0.84,0.0
771,89,624,-0.28,-0.77,-0.07
772,89,622,-0.14,-0.84,-0.14
773,92,622,-0.07,-0.84,-0.28
775,90,623,-0.14,-0.77,-0.21
774,88,624,-0.21,-0.77,-0.28
773,91,625,0.0,-0.77,-0.35
773,95,623,0.21,-0.84,-0.35
772,95,621,0.42,-0.84,-0.28
771,97,623,0.56,-0.84,-0.14
772,103,623,0.63,-0.91,-0.14
774,102,622,0.63,-0.91,0.0
773,101,620,0.28,-0.84,0.07
771,102,622,0.0,-0.91,-0.07
772,101,621,-0.28,-0.91,-0.14
772,101,621,-0.49,-0.84,-0.21
774,99,622,-0.56,-0.84,-0.35
775,101,621,-0.56,-0.98,-0.28
777,104,619,-0.49,-1.12,-0.35
778,101,619,-0.42,-1.05,-0.28
779,98,617,-0.49,-1.05,-0.28
777,103,616,-0.14,-1.05,-0.35
775,101,614,-0.21,-0.98,-0.07
774,98,613,-0.42,-1.05,0.0
775,98,612,-0.49,-0.91,0.0
775,97,612,-0.49,-0.77,0.0
773,98,615,-0.63,-0.63,0.07
773,94,618,-0.7,-0.49,0.14
775,92,620,-0.63,-0.35,0.07
777,93,622,-0.42,-0.42,0.07
776,97,624,-0.21,-0.42,0.07
773,96,626,-0.14,-0.49,0.07
770,94,626,-0.28,-0.56,0.0
771,97,625,-0.28,-0.7,-0.14
772,96,624,-0.14,-0.91,-0.14
774,93,624,-0.21,-0.91,0.0
774,93,621,-0.35,-0.98,0.0
774,95,622,-0.35,-1.19,0.0
774,90,623,-0.42,-1.12,0.0
775,87,623,-0.49,-1.12,-0.07
774,89,620,-0.28,-1.05,-0.21
774,91,620,-0.14,-1.05,-0.28
776,89,620,-0.14,-0.98,-0.42
777,92,617,-0.28,-0.98,-0.42
777,95,616,-0.42,-0.84,-0.49
777,93,617,-0.63,-0.77,-0.56
776,92,617,-0.63,-0.63,-0.49
776,92,618,-0.35,-0.63,-0.49
774,95,618,-0.07,-0.56,-0.56
773,98,621,0.14,-0.63,-0.56
774,97,619,0.21,-0.7,-0.56
774,97,619,0.35,-0.56,-0.56
774,99,618,0.49,-0.56,-0.7
776,100,615,0.56,-0.49,-0.7
773,99,615,0.42,-0.28,-0.63
772,101,617,0.21,-0.21,-0.7
772,102,619,0.21,-0.28,-0.63
773,102,620,0.14,-0.28,-0.56
775,103,620,0.0,-0.28,-0.49
775,102,620,0.07,-0.28,-0.42
774,105,620,0.14,-0.21,-0.42
773,104,620,0.07,-0.14,-0.35
772,101,621,-0.14,-0.14,-0.21
772,102,620,-0.35,-0.14,-0.21
775,100,622,-0.42,-0.07,-0.14
774,96,623,-0.56,0.0,-0.07
774,98,623,-0.56,-0.21,0.0
775,97,622,-0.42,-0.21,0.0
775,96,622,-0.35,-0.21,0.07
775,96,623,-0.35,-0.35,0.07
775,97,622,-0.21,-0.49,0.0
776,96,621,-0.28,-0.56,0.0
776,97,618,-0.35,-0.56,0.0
775,100,618,-0.42,-0.49,0.0
773,98,621,-0.63,-0.49,0.0
770,96,621,-0.7,-0.49,-0.07
769,98,620,-0.56,-0.42,0.0
772,96,621,-0.42,-0.28,0.0
774,95,624,-0.42,-0.35,0.07
776,96,622,-0.28,-0.42,0.07
777,94,623,-0.07,-0.49,0.07
776,92,622,0.07,-0.56,-0.07
774,94,619,0.14,-0.7,-0.21
773,96,620,0.07,-0.63,-0.35
770,95,620,-0.14,-0.49,-0.42
769,96,621,-0.35,-0.42,-0.42
769,92,622,-0.35,-0.28,-0.42
770,92,620,-0.14,-0.14,-0.28
772,92,621,0.14,0.0,-0.21
774,96,623,0.56,0.0,-0.21
777,98,623,0.56,-0.07,0.0
777,97,622,0.35,-0.14,-0.14
776,99,622,0.21,-0.21,-0.21
773,100,624,0.0,-0.35,-0.28
772,100,623,-0.07,-0.42,-0.21
772,99,623,-0.21,-0.49,-0.21
772,98,622,-0.28,-0.56,-0.21
771,99,621,-0.35,-0.56,-0.21
776,101,620,-0.28,-0.7,-0.21
777,100,620,-0.21,-0.77,0.0
775,97,618,-0.35,-0.7,-0.07
772,96,620,-0.28,-0.56,-0.21
771,97,618,-0.21,-0.49,-0.35
770,100,619,-0.21,-0.42,-0.35
772,101,619,-0.28,-0.49,-0.28
771,101,620,-0.35,-0.42,-0.28
774,100,619,-0.42,-0.42,-0.28
776,101,620,-0.28,-0.42,-0.21
776,99,620,-0.28,-0.42,-0.14
776,98,618,-0.28,-0.42,-0.14
774,100,619,-0.42,-0.35,-0.07
773,97,621,-0.56,-0.28,0.07
771,94,620,-0.77,-0.21,0.14
770,96,623,-0.7,-0.28,0.14
770,95,627,-0.56,-0.28,0.21
770,93,627,-0.56,-0.28,0.28
772,95,627,-0.42,-0.35,0.28
772,94,627,-0.28,-0.42,0.21
771,93,627,-0.21,-0.49,0.14
771,92,625,-0.14,-0.49,0.07
771,92,623,-0.07,-0.56,0.0
770,92,624,-0.14,-0.63,-0.07
772,92,624,-0.07,-0.84,-0.21
770,94,623,0.07,-0.91,-0.21
770,94,625,0.07,-1.05,-0.28
771,94,629,0.0,-1.05,-0.42
772,95,625,0.07,-0.98,-0.49
772,98,624,0.0,-1.12,-0.49
772,99,627,-0.07,-1.19,-0.63
772,95,627,-0.14,-1.19,-0.56
770,94,625,-0.07,-1.12,-0.56
770,95,623,0.21,-1.19,-0.63
771,96,623,0.28,-1.19,-0.56
773,95,623,0.35,-1.19,-0.56
773,91,622,0.35,-1.19,-0.56
773,88,621,0.56,-1.05,-0.77
776,93,618,0.84,-0.91,-0.84
774,98,617,0.84,-0.98,-0.77
775,99,619,0.56,-1.05,-0.77
776,100,619,0.35,-0.98,-0.84
774,100,622,0.21,-0.98,-0.77
772,100,622,0.07,-1.05,-0.77
773,100,620,0.21,-1.05,-0.84
776,101,619,0.28,-1.05,-0.7
777,103,619,0.21,-0.98,-0.63
777,103,617,-0.07,-0.98,-0.56
774,99,616,-0.14,-0.91,-0.56
772,97,617,-0.21,-0.77,-0.63
772,94,615,-0.07,-0.63,-0.63
773,100,613,0.07,-0.42,-0.63
774,102,614,0.07,-0.28,-0.49
775,100,616,-0.14,-0.14,-0.42
777,99,615,0.0,0.0,-0.42
778,103,614,0.07,0.07,-0.42
777,102,616,0.0,0.21,-0.42
775,101,617,-0.07,0.28,-0.35
775,102,618,-0.07,0.42,-0.42
774,101,618,0.0,0.42,-0.49
774,99,616,0.0,0.49,-0.42
773,100,615,-0.07,0.63,-0.49
773,101,616,0.0,0.7,-0.56
771,103,617,0.07,0.84,-0.42
770,105,619,0.07,0.84,-0.42
771,106,624,-0.07,0.91,-0.28
773,101,628,-0.14,0.84,-0.28
772,106,631,-0.28,0.7,-0.21
770,107,634,-0.42,0.42,-0.07
769,102,636,-0.7,0.28,-0.14
767,102,635,-0.91,0.14,-0.14
765,105,636,-0.84,-0.21,-0.14
764,105,636,-0.91,-0.35,0.0
764,106,633,-1.12,-0.56,0.14
765,107,634,-1.12,-0.77,0.35
768,106,631,-1.12,-0.98,0.7
769,107,628,-0.98,-1.05,0.84
770,103,627,-0.84,-1.12,0.98
769,99,625,-0.91,-1.12,1.05
770,101,620,-0.84,-1.19,0.98
771,100,619,-0.84,-1.12,0.91
771,96,619,-1.05,-0.98,0.84
769,96,619,-1.12,-0.91,0.7
770,96,620,-1.05,-0.91,0.56
772,95,621,-0.91,-0.84,0.42
773,94,620,-0.7,-0.7,0.35
776,92,618,-0.49,-0.63,0.42
775,93,619,-0.35,-0.56,0.42
776,94,620,-0.14,-0.56,0.42
775,93,620,-0.21,-0.49,0.49
774,91,621,-0.49,-0.49,0.42
775,91,620,-0.56,-0.42,0.28
773,93,622,-0.63,-0.42,0.28
774,90,622,-0.84,-0.42,0.35
773,90,623,-0.84,-0.28,0.28
772,91,624,-0.56,-0.21,0.21
771,94,621,-0.42,-0.07,0.21
771,97,623,-0.42,-0.14,0.21
773,94,623,-0.35,-0.07,0.21
774,95,622,-0.42,-0.07,0.28
773,100,623,-0.56,-0.21,0.07
774,100,625,-0.63,-0.28,0.07
772,97,624,-0.77,-0.28,0.14
771,95,624,-0.7,-0.35,0.07
770,97,625,-0.49,-0.42,0.0
769,100,623,-0.28,-0.35,0.07
768,99,625,-0.35,-0.35,0.14
767,97,628,-0.42,-0.42,0.14
769,98,626,-0.42,-0.35,0.14
770,100,627,-0.42,-0.28,0.21
769,97,628,-0.63,-0.28,0.21
767,95,628,-0.77,-0.28,0.28
768,96,628,-0.7,-0.42,0.21
769,99,628,-0.56,-0.42,0.28
770,102,628,-0.63,-0.63,0.56
771,93,629,-0.91,-0.84,0.7
772,92,626,-0.77,-0.91,0.63
775,97,626,-0.42,-1.05,0.56
774,94,625,-0.35,-1.05,0.63
771,90,624,-0.63,-0.98,0.56
770,93,622,-0.84,-0.91,0.35
769,93,622,-0.91,-0.84,0.28
771,93,623,-1.05,-0.84,0.28
771,93,624,-1.12,-0.84,0.28
772,92,623,-1.12,-0.77,0.28
770,92,624,-0.98,-0.7,0.35
770,92,624,-0.91,-0.7,0.28
768,91,623,-0.84,-0.63,0.35
769,91,625,-0.84,-0.63,0.42
770,90,625,-0.84,-0.63,0.35
771,93,625,-0.84,-0.7,0.28
773,93,625,-0.84,-0.77,0.35
773,91,625,-0.91,-0.77,0.35
772,90,625,-0.98,-0.84,0.35
773,90,626,-0.91,-0.77,0.28
770,88,627,-0.77,-0.7,0.28
768,89,623,-0.77,-0.7,0.21
769,90,623,-0.63,-0.7,0.28
771,88,623,-0.56,-0.56,0.28
769,89,622,-0.42,-0.56,0.28
770,91,625,-0.21,-0.49,0.28
769,92,628,-0.14,-0.49,0.35
768,91,629,-0.28,-0.42,0.28
771,91,628,-0.28,-0.49,0.21
772,92,627,-0.49,-0.63,0.28
771,92,627,-0.56,-0.7,0.21
771,91,629,-0.63,-0.77,0.28
770,90,628,-0.77,-0.91,0.35
770,91,628,-0.77,-1.12,0.35
770,89,628,-0.84,-1.19,0.35
772,90,627,-0.91,-1.26,0.28
772,89,623,-0.91,-1.33,0.28
772,87,623,-0.98,-1.33,0.28
773,85,623,-0.91,-1.26,0.35
773,87,622,-0.77,-1.26,0.21
776,86,620,-0.56,-1.26,0.28
775,86,619,-0.63,-1.26,0.21
774,87,620,-0.56,-1.26,0.07
775,88,620,-0.63,-1.26,0.0
773,86,620,-0.77,-1.12,-0.07
772,84,620,-0.7,-1.05,-0.28
770,83,621,-0.56,-0.91,-0.42
770,84,623,-0.35,-0.84,-0.49
772,86,622,-0.28,-0.77,-0.56
773,86,621,-0.14,-0.7,-0.56
773,85,624,-0.21,-0.63,-0.63
772,85,626,-0.14,-0.56,-0.7
772,88,626,-0.07,-0.56,-0.63
770,90,628,0.07,-0.63,-0.63
769,90,631,0.07,-0.7,-0.63
769,90,629,0.0,-0.77,-0.49
770,93,627,0.0,-0.98,-0.42
770,92,630,0.0,-1.12,-0.35
773,88,627,-0.14,-1.26,-0.35
775,89,623,0.07,-1.33,-0.35
772,89,625,0.35,-1.33,-0.28
771,88,625,0.28,-1.4,-0.28
770,90,622,0.35,-1.33,-0.35
771,94,622,0.42,-1.4,-0.28
772,89,623,0.28,-1.33,-0.28
771,88,621,0.28,-1.33,-0.28
773,91,621,0.42,-1.26,-0.42
774,91,621,0.42,-1.26,-0.28
774,93,621,0.35,-1.26,-0.28
775,96,621,0.28,-1.33,-0.35
776,96,620,0.07,-1.26,-0.28
775,95,620,-0.21,-1.26,-0.28
774,93,620,-0.21,-1.26,-0.21
772,93,620,-0.28,-1.12,-0.21
772,91,620,-0.35,-1.12,-0.14
774,91,620,-0.42,-1.19,-0.07
776,88,622,-0.42,-1.19,0.0
777,85,622,-0.35,-1.05,-0.07
777,85,623,-0.21,-1.05,-0.07
776,86,621,-0.07,-0.98,-0.07
775,88,620,-0.21,-0.98,-0.14
772,88,621,-0.35,-1.05,-0.14
772,85,621,-0.42,-0.91,-0.21
772,87,622,-0.42,-0.77,-0.28
772,88,622,-0.28,-0.77,-0.28
771,88,624,-0.07,-0.84,-0.35
774,89,624,0.0,-0.91,-0.35
775,91,623,0.07,-0.98,-0.35
775,90,622,0.07,-1.05,-0.28
773,89,623,0.14,-1.12,-0.28
772,88,620,0.21,-1.19,-0.35
772,92,622,0.35,-1.33,-0.35
774,91,624,0.42,-1.33,-0.42
775,90,622,0.21,-1.33,-0.49
776,95,618,0.07,-1.33,-0.56
776,97,619,-0.21,-1.33,-0.56
775,94,616,-0.56,-1.26,-0.42
774,95,614,-0.56,-1.05,-0.42
774,93,617,-0.49,-0.98,-0.35
771,91,619,-0.56,-0.91,-0.28
771,89,622,-0.56,-0.84,-0.21
772,86,623,-0.49,-0.84,-0.14
773,84,624,-0.28,-0.77,-0.21
774,82,624,0.0,-0.77,-0.42
774,87,624,0.28,-0.91,-0.49
776,89,623,0.49,-0.98,-0.56
776,90,622,0.42,-1.05,-0.49
775,91,621,0.28,-1.05,-0.49
775,96,618,0.28,-0.98,-0.49
775,96,619,0.14,-1.05,-0.35
771,101,623,-0.07,-1.12,-0.21
774,114,627,0.7,-1.33,0.28
773,91,623,-0.21,-1.33,0.77
777,89,618,-0.28,-1.12,0.42
773,78,619,-0.35,-1.12,0.07
777,88,614,0.14,-0.98,-0.56
775,91,617,0.49,-0.84,-0.35
777,91,617,-0.14,-0.98,-0.35
776,85,618,-0.7,-0.77,-0.49
775,90,619,-0.77,-0.77,-0.77
777,97,617,-0.49,-0.84,-0.77
779,95,618,-0.35,-0.84,-0.56
779,93,616,-0.35,-0.77,-0.42
780,94,616,-0.28,-0.7,-0.35
778,91,618,-0.28,-0.63,-0.28
775,87,619,-0.35,-0.63,-0.21
775,90,616,-0.42,-0.56,-0.21
776,92,616,-0.63,-0.7,-0.14
777,91,620,-0.84,-0.63,-0.14
776,88,620,-0.91,-0.63,-0.07
775,89,620,-0.7,-0.63,-0.14
775,89,621,-0.35,-0.56,-0.28
777,90,621,-0.07,-0.63,-0.35
777,92,618,0.07,-0.56,-0.28
776,95,616,0.07,-0.56,-0.35
774,94,617,-0.14,-0.56,-0.28
773,92,618,-0.35,-0.49,-0.28
773,92,621,-0.21,-0.42,-0.35
773,92,619,-0.21,-0.28,-0.42
774,91,619,-0.14,-0.21,-0.35
774,96,617,-0.14,-0.14,-0.35
777,94,618,-0.14,-0.14,-0.21
779,89,618,-0.21,-0.07,-0.14
778,91,619,-0.07,-0.07,-0.21
776,91,621,0.0,-0.07,-0.35
775,91,620,-0.21,-0.07,-0.28
773,92,621,-0.49,-0.14,-0.21
773,90,622,-0.7,-0.14,-0.28
772,87,622,-0.84,-0.14,-0.21
772,86,622,-0.63,-0.07,-0.28
771,85,621,-0.35,0.0,-0.21
772,83,622,-0.07,0.07,-0.21
772,83,625,0.14,0.0,-0.42
772,81,627,0.35,0.07,-0.56
771,81,626,0.42,-0.07,-0.7
773,81,628,0.56,-0.14,-0.98
775,80,627,0.63,-0.21,-1.19
776,85,623,0.77,-0.35,-1.4
776,90,623,0.98,-0.49,-1.4
775,92,624,1.05,-0.56,-1.4
774,94,622,1.12,-0.7,-1.33
773,98,620,1.19,-0.7,-1.26
773,99,623,1.19,-0.77,-1.19
773,96,622,1.19,-0.84,-1.05
774,99,619,1.33,-0.84,-1.05
774,100,618,1.4,-0.77,-0.91
772,103,619,1.33,-0.7,-0.84
770,104,620,1.12,-0.7,-0.7
772,105,619,0.84,-0.63,-0.7
773,107,621,0.56,-0.56,-0.63
772,109,624,0.42,-0.56,-0.56
772,107,623,0.21,-0.7,-0.42
775,110,619,0.07,-0.84,-0.28
777,112,619,-0.07,-0.91,-0.21
776,108,618,-0.35,-0.98,0.07
775,107,616,-0.77,-0.98,0.21
772,104,615,-0.98,-0.84,0.35
772,99,617,-1.19,-0.77,0.56
772,95,617,-1.4,-0.7,0.56
774,91,616,-1.26,-0.49,0.56
775,89,617,-1.05,-0.42,0.63
776,88,620,-0.98,-0.28,0.63
776,84,621,-0.91,-0.21,0.63
776,81,623,-0.84,-0.14,0.49
775,83,620,-0.56,0.0,0.35
772,86,621,-0.21,0.0,0.28
773,87,622,-0.14,0.0,0.14
771,91,621,-0.35,0.0,0.14
771,92,622,-0.35,0.0,0.0
771,92,624,-0.35,0.0,-0.07
773,95,622,-0.21,-0.07,-0.07
774,97,622,0.0,-0.14,0.0
775,95,622,0.0,-0.21,0.0
775,93,622,-0.07,-0.21,-0.07
775,94,621,0.0,-0.28,-0.07
773,96,622,-0.07,-0.28,-0.07
